Workbook

Sheet 시장규모_요약
A1: 국내 온라인 마케팅 SaaS 시장 규모 - 4가지 방법 수렴 분석
A3: 방법 | B3: SAM (2024, 억원) | C3: 평균 대비 편차 | D3: 신뢰도 | E3: 계산 시트
A4: Method 1: Top-Down | B4: =M1_TopDown_계산!C14 | C4: =(B4-$B$10)/$B$10 | D4: 높음 | E4: M1_TopDown_계산
A5: Method 2: Bottom-Up | B5: =M2_BottomUp_계산!G24 | C5: =(B5-$B$10)/$B$10 | D5: 중간 | E5: M2_BottomUp_계산
A6: Method 3: Proxy (일본) | B6: =M3_Proxy_계산!C34 | C6: =(B6-$B$10)/$B$10 | D6: 중간 | E6: M3_Proxy_계산
A7: Method 4: Competitor Revenue | B7: =M4_Competitor_계산!E31 | C7: =(B7-$B$10)/$B$10 | D7: 중간 | E7: M4_Competitor_계산
A9: 수렴 분석
A10: 평균 (Mean) | B10: =AVERAGE(B4:B7)
A11: 중앙값 (Median) | B11: =MEDIAN(B4:B7)
A12: 표준편차 (SD) | B12: =STDEV(B4:B7)
A13: 변동계수 (CV) | B13: =B12/B10 | C13: < 30% 신뢰성 높음 | D13: =IF(B13<0.3,"✅ 신뢰성 높음","⚠️ 편차 큼")
A14: Max/Min Ratio | B14: =MAX(B4:B7)/MIN(B4:B7) | C14: < 2.0 수렴 양호 | D14: =IF(B14<2,"✅ 수렴 양호","⚠️ 편차 큼")
A16: 가중 평균 계산
A17: 방법 | B17: 가중치 | C17: 가중 기여
A18: Top-Down | B18: 0.2 | C18: =B4*B18
A19: Bottom-Up | B19: 0.35 | C19: =B5*B19
A20: Proxy | B20: 0.25 | C20: =B6*B20
A21: Competitor | B21: 0.2 | C21: =B7*B21
A22: 가중 평균 합계 | C22: =SUM(C18:C21)
A24: 최종 시장 규모 추정 (2024년)
A25: 보수적 | B25: 2000
A26: 중립적 (채택) | B26: 2700 | C26: ← 가중평균 보수 조정
A27: 낙관적 | B27: 3500

Sheet M1_TopDown_계산
A1: Method 1: Top-Down (하향식 계산)
A3: 1. 글로벌 시장 규모
A4: 글로벌 MA 시장 (2024) | B4: 7.53 | C4: 출처: Gartner, Grand View Research
A5: 원화 환율 | B5: 1330 | C5: 2024년 평균 환율
A6: 글로벌 시장 (원화) | B6: =B4*B5*100
A8: 2. 한국 비중 추정
A9: 방법 | B9: 계산 | C9: 결과 (억원)
A10: A. GDP 비례 | B10: 글로벌 GDP: $105T, 한국: $1.79T | C10: =B6*1.79/105
A11: B. 디지털 광고비 비례 | B11: 글로벌: $700B, 한국: $12B | C11: =B6*12/700
A12: C. SaaS 성숙도 조정 | B12: GDP 비중 × 1.2 (성숙도) | C12: =C10*1.2
A14: Top-Down 최종 (방법 C 채택) | C14: =C12

Sheet M2_BottomUp_계산
A1: Method 2: Bottom-Up (상향식 계산)
A3: 세그먼트 | B3: 기업/매장 수 | C3: 도입률 | D3: 도입 기업 | E3: ARPU (만원/월) | F3: 월 매출 (억원) | G3: 연 매출 (억원)
A4: B2B - 대기업 | B4: 500 | C4: 0.7 | D4: =B4*C4 | E4: 400 | F4: =D4*E4/10000 | G4: =F4*12 | H4: ← ASM_001
A5: B2B - 중견기업 | B5: 5000 | C5: 0.4 | D5: =B5*C5 | E5: 150 | F5: =D5*E5/10000 | G5: =F5*12
A6: B2B - SMB | B6: 100000 | C6: 0.2 | D6: =B6*C6 | E6: 50 | F6: =D6*E6/10000 | G6: =F6*12 | H6: ← ASM_002
A7: B2B - 스타트업 | B7: 3000 | C7: 0.6 | D7: =B7*C7 | E7: 80 | F7: =D7*E7/10000 | G7: =F7*12
A9: B2C - 온라인 쇼핑몰 | B9: 100000 | C9: 0.3 | D9: =B9*C9 | E9: 30 | F9: =D9*E9/10000 | G9: =F9*12
A10: B2C - 오프라인 매장 | B10: 1000000 | C10: 0.05 | D10: =B10*C10 | E10: 10 | F10: =D10*E10/10000 | G10: =F10*12 | H10: ← ASM_006
A12: 에이전시 - 대행사 | B12: 3000 | C12: 0.8 | D12: =B12*C12 | E12: 200 | F12: =D12*E12/10000 | G12: =F12*12
A13: 에이전시 - 프리랜서 | B13: 10000 | C13: 0.3 | D13: =B13*C13 | E13: 30 | F13: =D13*E13/10000 | G13: =F13*12
A14: B2B 소계 | G14: =SUM(G4:G7)
A16: B2C 소계 | G16: =SUM(G9:G10)
A18: 에이전시 소계 | G18: =SUM(G12:G13)
A20: 총 합계 (중복 포함) | G20: =G14+G16+G18
A21: 중복 제거 (-15%) | B21: 기업이 여러 카테고리 중복 사용 | G21: =G20*0.85
A22: 보수적 조정 (-5%) | B22: 과대 추정 가능성 반영 | G22: =G21*0.95
A24: Bottom-Up 최종 결과 | G24: =ROUND(G22,-1)

Sheet M3_Proxy_계산
A1: Method 3: Proxy (유사 시장 유추)
A3: 1. 일본 마케팅 SaaS 시장
A4: 일본 시장 규모 (2024) | B4: 480 | C4: 출처: Yano Research Institute
A5: 엔화 환율 | B5: 11.25 | C5: ₩/JPY
A6: 일본 시장 (원화) | B6: =B4*B5*10
A8: 2. 한국/일본 비교
A9: 지표 | B9: 일본 | C9: 한국 | D9: 비율 (한국/일본)
A10: GDP | B10: $4.2T | C10: $1.8T | D10: 0.43
A11: 인구 | B11: 124M | C11: 52M | D11: 0.42
A12: 디지털 광고비 | B12: ¥3.3T | C12: ₩16T | D12: 0.48
A13: 기업 수 | B13: 3.6M | C13: 1.5M | D13: 0.42
A14: SaaS 성숙도 | B14: 100% | C14: 85% | D14: 0.85
A16: 3. 한국 시장 추정
A17: 방법 | B17: 계산식 | C17: 결과 (억원)
A18: A. GDP 비례 | B18: 일본 시장 × GDP 비율 | C18: =B6*D10
A19: B. 광고비 비례 | B19: 일본 시장 × 광고비 비율 | C19: =B6*D12
A20: C. 기업 수 비례 | B20: 일본 시장 × 기업 수 비율 | C20: =B6*D13
A21: D. 가중 평균 | B21: GDP 30% + 광고비 40% + 기업 30% | C21: =C18*0.3+C19*0.4+C20*0.3
A23: 4. SaaS 성숙도 조정
A24: 가중 평균 | C24: =C21
A25: SaaS 성숙도 (한국/일본) | C25: =D14
A26: 성숙도 조정 후 | C26: =C24*C25
A28: 5. 성장 격차 고려
A29: 디지털 전환 속도 (+25%) | C29: 1.25
A30: 모바일 우선 문화 (+15%) | C30: 1.15
A31: 복합 성장 배율 | C31: =C29*C30
A32: 최종 조정 | C32: =C26*C31
A34: Proxy 최종 결과 (일본 기반) | C34: =ROUND(C32,-1)

Sheet M4_Competitor_계산
A1: Method 4: Competitor Revenue (경쟁사 매출 역산)
A3: 1. 주요 플레이어 매출 (2024년 추정)
A5: Tier | B5: 회사 | C5: 고객 수 | D5: ARPU (만원/월) | E5: 연 매출 (억원)
A6: Tier 1 | B6: HubSpot | C6: 700 | D6: 150 | E6: =C6*D6*12/10000
A7: Tier 1 | B7: Salesforce | C7: 400 | D7: 400 | E7: =C7*D7*12/10000
A9: Tier 2 | B9: 에이아이스페라 | C9: 4000 | D9: 30 | E9: =C9*D9*12/10000
A10: Tier 2 | B10: 스티비 | C10: 12000 | D10: 10 | E10: =C10*D10*12/10000
A11: Tier 2 | B11: Relate CRM | C11: 400 | D11: 10 | E11: =C11*D11*12/10000
A12: Tier 2 | B12: 채널톡 | C12: 8000 | D12: 15 | E12: =C12*D12*12/10000
A13: Tier 2 | B13: 카페24 (MA) | C13: 25000 | D13: 8 | E13: =C13*D13*12/10000
A14: Tier 2 | B14: NHN클라우드 | C14: 3000 | D14: 50 | E14: =C14*D14*12/10000
A15: Tier 2 | B15: 그루비 | C15: 150 | D15: 60 | E15: =C15*D15*12/10000
A17: Tier 3 | B17: 신흥 스타트업 (50개) | C17: 5000 | D17: 20 | E17: =C17*D17*12/10000
B19: Tier 1 소계 | E19: =SUM(E6:E7)
B20: Tier 2 소계 | E20: =SUM(E9:E15)
B21: Tier 3 소계 | E21: =E17
B23: 총 매출 합계 | E23: =E19+E20+E21
A25: 2. 시장 규모 역산
A26: 주요 플레이어 매출 | E26: =E23
A27: 시장 점유율 가정 | E27: 0.55 | F27: ← ASM_004
A28: 전체 시장 규모 | E28: =E26/E27
A29: 미포착 플레이어 조정 (+10%) | E29: =E28*1.1
A31: Competitor Revenue 최종 결과 | E31: =ROUND(E29,-2)

Sheet 성장_시나리오
A1: 시장 규모 성장 시나리오 (2024-2028)
A3: 시나리오 | B3: CAGR | C3: 2024 | D3: 2025 | E3: 2026 | F3: 2027 | G3: 2028 | H3: ← ASM_005
A4: 보수적 | B4: 0.2 | C4: =시장규모_요약!B26 | D4: =C4*(1+B4) | E4: =D4*(1+B4) | F4: =E4*(1+B4) | G4: =F4*(1+B4)
A5: 중립적 (채택) | B5: 0.25 | C5: =시장규모_요약!B26 | D5: =C5*(1+B5) | E5: =D5*(1+B5) | F5: =E5*(1+B5) | G5: =F5*(1+B5)
A6: 낙관적 | B6: 0.3 | C6: =시장규모_요약!B26 | D6: =C6*(1+B6) | E6: =D6*(1+B6) | F6: =E6*(1+B6) | G6: =F6*(1+B6)

Sheet 기회별_시장규모
A1: 10개 사업 기회 시장 규모
A3: OPP | B3: 기회명 | C3: TAM (억원) | D3: SAM (억원) | E3: SOM 3년 (억원)
A4: OPP-001 | B4: 올인원 마케팅 플랫폼 | C4: 2400 | D4: 252 | E4: 38
A5: OPP-002 | B5: Vertical SaaS (음식점) | C5: 2520 | D5: 252 | E5: 25
A6: OPP-003 | B6: 어트리뷰션 & ROI | C6: 720 | D6: 720 | E6: 36
A7: OPP-004 | B7: 도구 마켓플레이스 | C7: 500 | D7: 250 | E7: 25
A8: OPP-005 | B8: AI 크리에이티브 | C8: 300 | D8: 150 | E8: 15
A9: OPP-006 | B9: B2B 리드 생성 | C9: 400 | D9: 200 | E9: 10
A10: OPP-007 | B10: 인플루언서 MA | C10: 600 | D10: 300 | E10: 30
A11: OPP-008 | B11: 소상공인 앱 | C11: 1000 | D11: 300 | E11: 30
A12: OPP-009 | B12: 컨설팅 SaaS | C12: 200 | D12: 100 | E12: 5
A13: OPP-010 | B13: 벤치마크 | C13: 150 | D13: 75 | E13: 7

Sheet 재무모델_OPP001
A1: OPP-001: 올인원 플랫폼 - 3년 재무 모델
A3: 지표 | B3: Y1 | C3: Y2 | D3: Y3
A4: 고객 수 | B4: 500 | C4: 2000 | D4: 5000
A5: ARPU (만원/월) | B5: 30 | C5: 50 | D5: 70
A6: MRR (억원) | B6: =B4*B5/10000 | C6: =C4*C5/10000 | D6: =D4*D5/10000
A7: ARR (억원) | B7: =B6*12 | C7: =C6*12 | D7: =D6*12
A8: YoY 성장률 | B8: - | C8: =(C7-B7)/B7 | D8: =(D7-C7)/C7

Sheet 재무모델_OPP002
A1: OPP-002: Vertical SaaS (음식점) - 3년 재무 모델
A3: 지표 | B3: Y1 | C3: Y2 | D3: Y3
A4: 고객 수 | B4: 300 | C4: 1000 | D4: 1800
A5: ARPU (만원/월) | B5: 10 | C5: 10 | D5: 12
A6: MRR (억원) | B6: =B4*B5/10000 | C6: =C4*C5/10000 | D6: =D4*D5/10000
A7: ARR (억원) | B7: =B6*12 | C7: =C6*12 | D7: =D6*12
A8: YoY 성장률 | B8: - | C8: =(C7-B7)/B7 | D8: =(D7-C7)/C7

Sheet 재무모델_OPP003
A1: OPP-003: 어트리뷰션 & ROI - 3년 재무 모델
A3: 지표 | B3: Y1 | C3: Y2 | D3: Y3
A4: 고객 수 | B4: 200 | C4: 800 | D4: 2000
A5: ARPU (만원/월) | B5: 50 | C5: 60 | D5: 70
A6: MRR (억원) | B6: =B4*B5/10000 | C6: =C4*C5/10000 | D6: =D4*D5/10000
A7: ARR (억원) | B7: =B6*12 | C7: =C6*12 | D7: =D6*12
A8: YoY 성장률 | B8: - | C8: =(C7-B7)/B7 | D8: =(D7-C7)/C7

Sheet 주요_가정_ASM
A1: 주요 가정 (Assumptions) 추적
A3: ASM ID | B3: 가정 내용 | C3: 값 | D3: 사용 위치 | E3: 근거
A4: ASM_001 | B4: 대기업 MA 도입률 | C4: 0.7 | D4: M2: B2B 대기업 | E4: Gartner Survey
A5: ASM_002 | B5: SMB MA 도입률 | C5: 0.2 | D5: M2: B2B SMB | E5: 중소벤처기업부
A6: ASM_003 | B6: 한국 SaaS 성숙도 | C6: 0.85 | D6: M3: Proxy | E6: 시장 관찰
A7: ASM_004 | B7: 주요 플레이어 점유율 | C7: 0.55 | D7: M4: Competitor | E7: 파편화 시장
A8: ASM_005 | B8: CAGR (2024-2028) | C8: 0.25 | D8: 성장 시나리오 | E8: 디지털 전환
A9: ASM_006 | B9: 오프라인 도구 사용률 | C9: 0.05 | D9: M2: B2C 오프라인 | E9: 소상공인진흥공단
A10: ASM_007 | B10: Freemium 유료 전환율 | C10: 0.1 | D10: 재무 모델 | E10: 업계 평균

Sheet 기회_우선순위
A1: 10개 사업 기회 우선순위 매트릭스
A3: OPP | B3: 기회명 | C3: TAM | D3: Pain | E3: Comp | F3: TTM | G3: Moat | H3: 총점
A4: OPP-001 | B4: 올인원 플랫폼 | C4: 10 | D4: 9 | E4: 6 | F4: 5 | G4: 8 | H4: =SUM(C4:G4)
A5: OPP-002 | B5: Vertical SaaS | C5: 7 | D5: 10 | E5: 8 | F5: 9 | G5: 7 | H5: =SUM(C5:G5)
A6: OPP-003 | B6: 어트리뷰션 | C6: 8 | D6: 9 | E6: 7 | F6: 7 | G6: 6 | H6: =SUM(C6:G6)
A7: OPP-004 | B7: 마켓플레이스 | C7: 7 | D7: 6 | E7: 5 | F7: 4 | G7: 9 | H7: =SUM(C7:G7)
A8: OPP-005 | B8: AI 크리에이티브 | C8: 6 | D8: 7 | E8: 4 | F8: 8 | G8: 5 | H8: =SUM(C8:G8)
A9: OPP-006 | B9: B2B 리드 | C9: 6 | D9: 8 | E9: 6 | F9: 7 | G9: 5 | H9: =SUM(C9:G9)
A10: OPP-007 | B10: 인플루언서 | C10: 7 | D10: 7 | E10: 5 | F10: 6 | G10: 4 | H10: =SUM(C10:G10)
A11: OPP-008 | B11: 소상공인 앱 | C11: 8 | D11: 9 | E11: 7 | F11: 8 | G11: 3 | H11: =SUM(C11:G11)
A12: OPP-009 | B12: 컨설팅 | C12: 5 | D12: 7 | E12: 8 | F12: 5 | G12: 6 | H12: =SUM(C12:G12)
A13: OPP-010 | B13: 벤치마크 | C13: 4 | D13: 5 | E13: 9 | F13: 6 | G13: 7 | H13: =SUM(C13:G13)
A15: 점수: 10=최고, 1=최저 | TAM=시장크기, Pain=고통강도, Comp=경쟁, TTM=출시속도, Moat=진입장벽
