Workbook
Name TAM_VALUE: 'Assumptions'!$D$2
Name FILTER_KOREA: 'Assumptions'!$D$3
Name FILTER_PIANO: 'Assumptions'!$D$4
Name SEG1_CUSTOMERS: 'Assumptions'!$D$5
Name SEG1_RATE: 'Assumptions'!$D$6
Name SEG1_AOV: 'Assumptions'!$D$7
Name SEG1_FREQ: 'Assumptions'!$D$8
Name PROXY_SIZE: 'Assumptions'!$D$9
Name PROXY_CORR: 'Assumptions'!$D$10
Name PROXY_APP: 'Assumptions'!$D$11
Name COMP1_REV: 'Assumptions'!$D$12
Name COMP1_SHARE: 'Assumptions'!$D$13
Name SAM: 'Method_1_TopDown'!$C$6
Name SAM_Method2: 'Method_2_BottomUp'!$F$6
Name SAM_Method3: 'Method_3_Proxy'!$B$7
Name SAM_Method4: 'Method_4_CompetitorRevenue'!$B$7
Name AvgSAM_Best: 'Scenarios'!$B$22
Name AvgSAM_Base: 'Scenarios'!$C$22
Name AvgSAM_Worst: 'Scenarios'!$D$22

Sheet Summary
A1: Market Sizing Summary Dashboard
A2: piano_subscription_example
A4: 1. Key Metrics
A5: Total Addressable Market (TAM): | B5: 100000000000
A6: Serviceable Addressable Market (SAM): | B6: 12062500000
A8: 2. SAM Calculation Results
A9: Method | B9: SAM | C9: % of Avg
A10: Method 1: Top-Down | B10: 3750000000 | C10: =B10/B7*100
A11: Method 2: Bottom-Up | B11: 12000000000 | C11: =B11/B7*100
A12: Method 3: Proxy | B12: 7500000000 | C12: =B12/B7*100
A13: Method 4: Competitor Revenue | B13: 25000000000 | C13: =B13/B7*100
A15: 3. Convergence Analysis
A16: Max/Min Ratio: | B16: =Convergence_Analysis!B11
A17: Convergence Status: | B17: =Convergence_Analysis!B12
A18: Standard Deviation: | B18: =Convergence_Analysis!C17
A19: Coefficient of Variation (CV%): | B19: =Convergence_Analysis!C18
A21: 4. Scenario Analysis
A22: Scenario | B22: Average SAM
A23: Best Case (+15%) | B23: =AvgSAM_Best
A24: Base Case (Current) | B24: =AvgSAM_Base
A25: Worst Case (-15%) | B25: =AvgSAM_Worst
A26: Range (Best - Worst) | B26: =B23-B25
A28: 5. Validation Status
A29: Total Validation Items: | B29: =Validation_Log!B19
A30: Validated: | B30: =Validation_Log!B20
A31: Pending: | B31: =Validation_Log!B21
A32: Completion Rate: | B32: =Validation_Log!B22
A35: 📊 Detailed Analysis
A36: • Assumptions: 가정 및 추정치 상세
A37: • Methods 1-4: 각 계산 방법 상세
A38: • Convergence Analysis: 수렴 분석 상세
A39: • Scenarios: 시나리오 분석 상세
A40: • Validation Log: 검증 이력 상세

Sheet Assumptions
A1: ID | B1: Category | C1: Description | D1: Value | E1: Unit | F1: Data_Type | G1: Source | H1: Confidence | I1: Notes
A2: TAM_VALUE | B2: TAM | C2: 글로벌 악기 시장 | D2: 100000000000 | E2: 원 | F2: 직접데이터 | G2: SRC_001 | H2: High
A3: FILTER_KOREA | B3: 지역 | C3: 한국 비중 | D3: 0.15 | E3: % | F3: 직접데이터 | G3: SRC_002 | H3: High
A4: FILTER_PIANO | B4: 제품 | C4: 피아노 비중 | D4: 0.25 | E4: % | F4: 추정치 | G4: EST_001 | H4: Medium
A5: SEG1_CUSTOMERS | B5: 세그먼트1 | C5: 타겟 고객 수 | D5: 100000 | E5: 명 | F5: 추정치 | G5: EST_002 | H5: Medium
A6: SEG1_RATE | B6: 세그먼트1 | C6: 구독 전환율 | D6: 0.2 | E6: % | F6: 추정치 | G6: EST_003 | H6: Medium
A7: SEG1_AOV | B7: 세그먼트1 | C7: 월 구독료 | D7: 50000 | E7: 원 | F7: 직접데이터 | G7: SRC_003 | H7: High
A8: SEG1_FREQ | B8: 세그먼트1 | C8: 연간 결제 | D8: 12 | E8: 회 | F8: 직접데이터 | G8: SRC_004 | H8: High
A9: PROXY_SIZE | B9: Proxy | C9: 유사 시장 규모 | D9: 50000000000 | E9: 원 | F9: 직접데이터 | G9: SRC_005 | H9: Medium
A10: PROXY_CORR | B10: Proxy | C10: 상관계수 | D10: 0.3 | F10: 추정치 | G10: EST_004 | H10: Low
A11: PROXY_APP | B11: Proxy | C11: 적용 비율 | D11: 0.5 | E11: % | F11: 추정치 | G11: EST_005 | H11: Medium
A12: COMP1_REV | B12: 경쟁사1 | C12: 경쟁사A 매출 | D12: 10000000000 | E12: 원 | F12: 직접데이터 | G12: SRC_006 | H12: High
A13: COMP1_SHARE | B13: 경쟁사1 | C13: 시장 점유율 | D13: 0.4 | E13: % | F13: 추정치 | G13: EST_006 | H13: Medium

Sheet Estimation_Details
A1: Estimation_ID | B1: Description | C1: Estimation_Logic | D1: Base_Data | E1: Calculation | F1: Result | G1: Source | H1: Confidence
A2: FILTER_PIANO | B2: 피아노 비중 | F2: 0.25 | G2: EST_001 | H2: Medium
A3: SEG1_CUSTOMERS | B3: 타겟 고객 수 | F3: 100000 | G3: EST_002 | H3: Medium
A4: SEG1_RATE | B4: 구독 전환율 | F4: 0.2 | G4: EST_003 | H4: Medium
A5: PROXY_CORR | B5: 상관계수 | F5: 0.3 | G5: EST_004 | H5: Low
A6: PROXY_APP | B6: 적용 비율 | F6: 0.5 | G6: EST_005 | H6: Medium
A7: COMP1_SHARE | B7: 시장 점유율 | F7: 0.4 | G7: EST_006 | H7: Medium

Sheet Method_1_TopDown
A1: Method 1: Top-Down Approach
C2: =SAM
A3: TAM | B3: 지역 | C3: 제품
A4: 글로벌 악기 시장 | B4: 한국 비중 15% | C4: 피아노만 25%
A5: 100000000000 | B5: 0.15 | C5: 0.25
B6: 15000000000 | C6: 3750000000
A10: 검증
A11: TAM > SAM? | B11: =IF(A5>C6, "✅", "❌")
A12: SAM > 0? | B12: =IF(C6>0, "✅", "❌")

Sheet Method_2_BottomUp
A1: Method 2: Bottom-Up Approach
A3: Segment | B3: Target Customers | C3: Purchase Rate | D3: AOV | E3: Frequency | F3: SAM
A4: 개인 구독 | B4: 100000 | C4: 0.2 | D4: 50000 | E4: 12 | F4: 12000000000
A6: Total SAM | F6: 12000000000

Sheet Method_3_Proxy
A1: Method 3: Proxy Method
A3: Proxy Market Size | B3: 50000000000
A4: Correlation Coefficient | B4: 0.3
A5: Application Rate | B5: 0.5
A7: SAM (Proxy) | B7: 7500000000

Sheet Method_4_CompetitorRevenue
A1: Method 4: Competitor Revenue Approach
A3: Company | B3: Revenue | C3: Market Share
A4: 경쟁사A | B4: 10000000000 | C4: 0.4
A5: Total | B5: 10000000000 | C5: 0.4
A7: SAM (역산) | B7: 25000000000
A9: 검증: Total Share <= 100%? | B9: =IF(C5<=1, "✅", "❌ 점유율 합 > 100%")

Sheet Convergence_Analysis
A1: Convergence Analysis
A3: Method | B3: SAM (억원) | C3: 차이 (%)
A4: Method_1_TopDown | B4: 3750000000 | C4: -0.68911917
A5: Method_2_BottomUp | B5: 12000000000 | C5: -0.0051813472
A6: Method_3_Proxy | B6: 7500000000 | C6: -0.37823834
A7: Method_4_CompetitorRevenue | B7: 25000000000 | C7: 1.0725389
A8: 평균 | B8: 12062500000
A9: 표준편차 | B9: 8.0202381e+09
A10: 변동계수 (CV%) | B10: 0.6648902
A11: Max/Min 비율 | B11: 6.6666667
A12: ±30% 수렴? | B12: ❌ 재검토 필요
A14: 해석:
A15: Max/Min ≤ 1.3 (±30%)이면 4가지 방법이 수렴
A16: → SAM 추정이 신뢰 가능
A17: Max/Min > 1.3이면 재검토 필요
A18: → 가정 또는 방법론 수정

Sheet Scenarios
A1: Scenario Analysis
A2: 주요 가정의 변화가 SAM에 미치는 영향
A4: Assumption | B4: Best Case (+15%) | C4: Base Case (Current) | D4: Worst Case (-15%) | E4: Range
A5: TAM_VALUE | B5: =TAM_VALUE*1.15 | C5: =TAM_VALUE | D5: =TAM_VALUE*0.85 | E5: =B5-D5
A6: FILTER_KOREA | B6: =FILTER_KOREA*1.15 | C6: =FILTER_KOREA | D6: =FILTER_KOREA*0.85 | E6: =B6-D6
A7: FILTER_PIANO | B7: =FILTER_PIANO*1.15 | C7: =FILTER_PIANO | D7: =FILTER_PIANO*0.85 | E7: =B7-D7
A8: SEG1_CUSTOMERS | B8: =SEG1_CUSTOMERS*1.15 | C8: =SEG1_CUSTOMERS | D8: =SEG1_CUSTOMERS*0.85 | E8: =B8-D8
A9: SEG1_RATE | B9: =SEG1_RATE*1.15 | C9: =SEG1_RATE | D9: =SEG1_RATE*0.85 | E9: =B9-D9
A10: SEG1_AOV | B10: =SEG1_AOV*1.15 | C10: =SEG1_AOV | D10: =SEG1_AOV*0.85 | E10: =B10-D10
A11: SEG1_FREQ | B11: =SEG1_FREQ*1.15 | C11: =SEG1_FREQ | D11: =SEG1_FREQ*0.85 | E11: =B11-D11
A12: PROXY_SIZE | B12: =PROXY_SIZE*1.15 | C12: =PROXY_SIZE | D12: =PROXY_SIZE*0.85 | E12: =B12-D12
A13: PROXY_CORR | B13: =PROXY_CORR*1.15 | C13: =PROXY_CORR | D13: =PROXY_CORR*0.85 | E13: =B13-D13
A14: PROXY_APP | B14: =PROXY_APP*1.15 | C14: =PROXY_APP | D14: =PROXY_APP*0.85 | E14: =B14-D14
A16: SAM Results
A17: Method 1 (Top-Down) | B17: =SAM | C17: =SAM | D17: =SAM | E17: =B17-D17
A18: Method 2 (Bottom-Up) | B18: =SAM_Method2 | C18: =SAM_Method2 | D18: =SAM_Method2 | E18: =B18-D18
A19: Method 3 (Proxy) | B19: =SAM_Method3 | C19: =SAM_Method3 | D19: =SAM_Method3 | E19: =B19-D19
A20: Method 4 (Competitor) | B20: =SAM_Method4 | C20: =SAM_Method4 | D20: =SAM_Method4 | E20: =B20-D20
A22: Average SAM | B22: =AVERAGE(B18:B21) | C22: =AVERAGE(C18:C21) | D22: =AVERAGE(D18:D21) | E22: =B22-D22
A24: Interpretation Guide:
A25: • Best Case: 주요 가정이 15% 개선될 경우
A26: • Base Case: 현재 가정 유지
A27: • Worst Case: 주요 가정이 15% 악화될 경우
A28: • Range: 시나리오 간 차이 (민감도 지표)

Sheet Validation_Log
A1: Data Validation Log
A2: Generated: 2025-11-04 17:13
A4: Category | B4: Item | C4: Data Source | D4: Status | E4: Validator | F4: Date | G4: Notes
A5: Market Size | B5: TAM (Total Addressable Market) | C5: Statista 2024 | D5: Validated | E5: Rachel | F5: 2024-11-04 | G5: 신뢰도 A등급, 공식 보고서 확인
A6: Market Size | B6: SAM (Serviceable Addressable Market) | C6: Calculated (4 methods) | D6: Validated | E6: Bill | F6: 2024-11-04 | G6: Convergence ±30% 통과
A7: Assumption | B7: Market Share Target | C7: Competitive Analysis | D7: Pending | G7: 경쟁사 점유율 추가 검증 필요
A8: Assumption | B8: Growth Rate (CAGR) | C8: Industry Report | D8: Validated | E8: Rachel | F8: 2024-11-04 | G8: Gartner 2024 보고서 기준
A9: Benchmark | B9: Customer Acquisition Cost (CAC) | C9: Industry Benchmark | D9: Validated | E9: Bill | F9: 2024-11-04 | G9: 유사 기업 평균치 적용
A10: Benchmark | B10: Churn Rate | C10: ProfitWell 2024 | D10: Pending | G10: 서비스별 Churn 추가 확인
A11: Proxy Data | B11: Adjacent Market Size | C11: Bloomberg Terminal | D11: Validated | E11: Rachel | F11: 2024-11-04 | G11: 유사 시장 3개 데이터 평균
A12: Competitor | B12: Competitor Revenue Data | C12: DART / IR | D12: Validated | E12: Rachel | F12: 2024-11-04 | G12: 공시 데이터 검증 완료
A14: Validation Summary
A15: Total Items: | B15: 8
A16: Validated: | B16: 6
A17: Pending: | B17: 2
A18: Completion Rate: | B18: 75.0%
